,Sales_Amount,Sales_Amount,Sales_Amount,Profit,Profit,Quantity_Sold
,sum,mean,max,sum,mean,sum
Region,,,,,,
East,1259792.93,4790.087186311787,9948.71,1650557.2,6275.88288973384,6356
North,1369612.51,5129.634868913858,9989.04,1661461.2000000002,6222.701123595506,6705
South,1154250.86,5107.304690265487,9961.96,1519736.9000000001,6724.499557522125,5808
West,1235608.93,5063.971024590163,9933.22,1656091.77,6787.261352459016,6486
