Sales_Rep,Sales_Amount,Profit,Quantity_Sold
David,1141737.36,1501749.76,6042
Bob,1080990.63,1170800.2400000002,4977
Eve,970183.99,1449081.9000000001,5287
Alice,965541.77,1294822.01,4832
Charlie,860811.48,1071393.1600000001,4217
